algorithm,input,n,time_ms,max_depth,comparisons,swaps,calls
MergeSort,random,1000,0.187,7,10373,0,127
QuickSort,random,1000,0.294,7,11333,10660,674
Select,random,1000,0.138,9,7781,3585,89
MergeSort,sorted,1000,0.138,7,3956,0,127
QuickSort,sorted,1000,0.239,7,11648,10989,660
Select,sorted,1000,0.329,9,6238,3575,86
MergeSort,reverse,1000,0.227,7,10300,0,127
QuickSort,reverse,1000,0.195,7,11340,10665,676
Select,reverse,1000,0.044,8,7347,3216,72
MergeSort,duplicates,1000,0.131,7,9697,0,127
QuickSort,duplicates,1000,0.018,4,3632,2632,11
Select,duplicates,1000,0.019,5,3109,1336,5
ClosestPair,random,1000,1.246,10,1123,0,975
BruteForce,random,1000,1.875,0,499500,0,0
MergeSort,random,2000,0.251,8,22704,0,255
QuickSort,random,2000,0.259,8,26481,25143,1339
Select,random,2000,0.127,10,15951,7359,128
MergeSort,sorted,2000,0.208,8,8912,0,255
QuickSort,sorted,2000,0.182,8,25141,23799,1343
Select,sorted,2000,0.115,10,12714,7351,122
MergeSort,reverse,2000,0.098,8,21600,0,255
QuickSort,reverse,2000,0.173,8,24106,22765,1342
Select,reverse,2000,0.079,9,15085,6642,106
MergeSort,duplicates,2000,0.100,8,21410,0,255
QuickSort,duplicates,2000,0.049,3,8585,6585,11
Select,duplicates,2000,0.040,5,6163,2669,5
ClosestPair,random,2000,3.994,11,2291,0,1951
BruteForce,random,2000,8.884,0,1999000,0,0
MergeSort,random,5000,0.494,10,58498,0,1023
QuickSort,random,5000,0.486,9,72561,69236,3326
Select,random,5000,0.244,11,40551,18765,248
MergeSort,sorted,5000,0.105,10,27124,0,1023
QuickSort,sorted,5000,0.311,9,71458,68116,3343
Select,sorted,5000,0.136,11,33652,19342,259
MergeSort,reverse,5000,0.251,10,44324,0,1023
QuickSort,reverse,5000,0.467,8,73083,69763,3321
Select,reverse,5000,0.235,10,38591,17135,206
MergeSort,duplicates,5000,0.344,10,55863,0,1023
QuickSort,duplicates,5000,0.123,3,21731,16731,11
Select,duplicates,5000,0.128,6,15316,6732,6
ClosestPair,random,5000,5.948,12,6451,0,4095
BruteForce,random,5000,28.535,0,12497500,0,0
MergeSort,random,10000,0.742,11,126867,0,2047
QuickSort,random,10000,0.977,10,156614,149949,6666
Select,random,10000,0.467,12,81708,37822,367
MergeSort,sorted,10000,0.211,11,59248,0,2047
QuickSort,sorted,10000,0.611,10,161519,154866,6654
Select,sorted,10000,0.258,12,68030,39140,365
MergeSort,reverse,10000,0.256,11,93648,0,2047
QuickSort,reverse,10000,0.643,9,166457,159812,6646
Select,reverse,10000,0.291,12,78172,34717,299
MergeSort,duplicates,10000,0.477,11,121687,0,2047
QuickSort,duplicates,10000,0.173,3,32940,22940,11
Select,duplicates,10000,0.199,7,34368,14574,15
ClosestPair,random,10000,10.265,13,12961,0,8191
BruteForce,random,10000,101.207,0,49995000,0,0
MergeSort,random,20000,1.433,12,274222,0,4095
QuickSort,random,20000,1.726,10,341773,328426,13348
Select,random,20000,0.791,13,162938,76728,535
MergeSort,sorted,20000,0.413,12,128496,0,4095
QuickSort,sorted,20000,1.149,10,361816,348527,13290
Select,sorted,20000,0.444,13,138415,79485,580
MergeSort,reverse,20000,0.549,12,197296,0,4095
QuickSort,reverse,20000,1.145,10,343220,329871,13350
Select,reverse,20000,0.493,12,157290,70089,438
MergeSort,duplicates,20000,0.882,12,262393,0,4095
QuickSort,duplicates,20000,0.275,3,63884,43884,11
Select,duplicates,20000,0.538,8,108973,44748,33
ClosestPair,random,20000,13.524,14,26051,0,16383
BruteForce,random,20000,394.035,0,199990000,0,0
MergeSort,random,50000,3.766,13,770515,0,8191
QuickSort,random,50000,4.751,11,964765,931420,33346
Select,random,50000,1.994,15,423892,196866,1020
MergeSort,sorted,50000,1.053,13,347008,0,8191
QuickSort,sorted,50000,3.557,11,1047549,1014216,33334
Select,sorted,50000,1.098,15,352416,202177,1083
MergeSort,reverse,50000,1.372,13,579408,0,8191
QuickSort,reverse,50000,3.237,12,926769,893428,33342
Select,reverse,50000,1.306,14,399333,178379,867
MergeSort,duplicates,50000,2.202,13,733233,0,8191
QuickSort,duplicates,50000,0.685,3,174332,124332,11
Select,duplicates,50000,0.799,8,154293,67228,9
ClosestPair,random,50000,25.234,16,71061,0,34463
MergeSort,random,100000,9.083,14,1640929,0,16383
QuickSort,random,100000,11.330,12,2021173,1954355,66819
Select,random,100000,4.282,15,830384,389885,1531
MergeSort,sorted,100000,2.298,14,744016,0,16383
QuickSort,sorted,100000,7.393,12,2017994,1951355,66640
Select,sorted,100000,2.412,16,709499,406939,1668
MergeSort,reverse,100000,3.080,14,1208816,0,16383
QuickSort,reverse,100000,6.640,11,2070706,2004070,66637
Select,reverse,100000,2.387,15,798554,356616,1222
MergeSort,duplicates,100000,5.284,14,1560594,0,16383
QuickSort,duplicates,100000,1.437,3,370661,270661,11
Select,duplicates,100000,1.619,8,308790,134789,11
ClosestPair,random,100000,59.148,17,142517,0,68927
MergeSort,random,200000,17.853,15,3479795,0,32767
QuickSort,random,200000,22.950,13,4331509,4198160,133348
Select,random,200000,9.182,17,1737629,807284,2552
MergeSort,sorted,200000,5.664,15,1588032,0,32767
QuickSort,sorted,200000,14.807,12,4251449,4117998,133452
Select,sorted,200000,5.380,17,1429782,819230,2622
MergeSort,reverse,200000,8.834,15,2517632,0,32767
QuickSort,reverse,200000,18.343,12,4385500,4252226,133275
Select,reverse,200000,5.812,16,1613504,722297,2049
MergeSort,duplicates,200000,12.505,15,3314020,0,32767
QuickSort,duplicates,200000,3.424,3,739655,539655,11
Select,duplicates,200000,3.709,9,619121,268880,11
ClosestPair,random,200000,104.527,18,285654,0,137855
MergeSort,random,500000,48.696,16,9610319,0,65535
QuickSort,random,500000,61.494,14,11857225,11523738,333459
Select,random,500000,24.152,18,4368888,2025130,4428
MergeSort,sorted,500000,14.600,16,4226160,0,65535
QuickSort,sorted,500000,41.215,14,12127678,11794635,333044
Select,sorted,500000,13.866,18,3588193,2056531,4578
MergeSort,reverse,500000,19.761,16,7308912,0,65535
QuickSort,reverse,500000,36.452,13,11733198,11399903,333296
Select,reverse,500000,13.166,17,4048502,1812646,3616
MergeSort,duplicates,500000,31.153,16,9128786,0,65535
QuickSort,duplicates,500000,7.750,4,1549480,1049480,11
Select,duplicates,500000,10.891,9,1544578,672800,9
ClosestPair,random,500000,375.313,19,608415,0,475711
MergeSort,random,1000000,103.136,17,20222776,0,131071
QuickSort,random,1000000,123.528,14,26067674,25400715,666832
Select,random,1000000,41.968,19,8640301,4020679,6949
MergeSort,sorted,1000000,29.833,17,8952320,0,131071
QuickSort,sorted,1000000,78.388,14,24621324,23954721,666604
Select,sorted,1000000,24.048,19,7217916,4134341,7232
MergeSort,reverse,1000000,41.734,17,15117824,0,131071
QuickSort,reverse,1000000,78.919,15,25506413,24839836,666578
Select,reverse,1000000,24.987,18,8099863,3615088,5515
MergeSort,duplicates,1000000,53.456,17,19207854,0,131071
QuickSort,duplicates,1000000,15.358,3,3999935,2999935,11
Select,duplicates,1000000,19.717,10,3466183,1462518,35
ClosestPair,random,1000000,807.069,20,1218617,0,951423
